index,x,y,z
1,170,48.97,303
0,86.72293,0,228.8882
1,170,48.97,303
0,167.0671,0,47.32312
1,170,48.97,303
0,107.8708,0,158.7756
1,170,48.97,303
0,25.06698,0,27.80983
1,170,48.97,303
0,100.1524,0,134.6114
