index,x,y,z
5,544,19.208,19
0,533.7327,0,18.67555
5,544,19.208,19
0,542.2336,0,18.69981
5,544,19.208,19
0,537.3338,0,18.91529
5,544,19.208,19
0,534.1715,0,18.97088
5,544,19.208,19
0,542.3404,0,18.94053
