index,x,y,z
5,544,19.208,19
0,407.7755,0,15.8379
5,544,19.208,19
0,435.8724,0,13.79403
5,544,19.208,19
0,346.09,0,13.1409
5,544,19.208,19
0,394.1765,0,13.44372
5,544,19.208,19
0,399.209,0,12.042
