index,x,y,z
3,352,52.008,285
0,33.6058,0,588.8199
3,352,52.008,285
0,6.327274,0,983.6871
3,352,52.008,285
0,26.65846,0,374.2106
3,352,52.008,285
0,218.83,0,901.3432
3,352,52.008,285
0,204.4734,0,942.6789
