index,x,y,z
1,170,48.97,303
0,39.66999,0,657.2459
1,170,48.97,303
0,93.47269,0,668.1682
1,170,48.97,303
0,138.7814,0,814.597
1,170,48.97,303
0,91.03765,0,462.7592
1,170,48.97,303
0,19.26588,0,1019.507
