index,x,y,z
10,282.54,20.02,779.41
0,119.0458,0,327.2685
10,282.54,20.02,779.41
0,78.46608,0,774.1769
10,282.54,20.02,779.41
0,277.0724,0,416.4185
10,282.54,20.02,779.41
0,66.5483,0,31.88409
10,282.54,20.02,779.41
0,220.712,0,156.2996
