index,x,y,z
1,170,48.97,303
0,66.64608,0,978.6667
1,170,48.97,303
0,148.6987,0,958.2159
1,170,48.97,303
0,5.575122,0,471.0135
1,170,48.97,303
0,137.7854,0,747.2755
1,170,48.97,303
0,99.74537,0,669.749
