index,x,y,z
5,544,19.208,19
0,537.79,0,31.7032
5,544,19.208,19
0,533.663,0,20.53107
5,544,19.208,19
0,542.5616,0,22.11268
5,544,19.208,19
0,540.7713,0,25.53161
5,544,19.208,19
0,541.4573,0,28.48167
