index,x,y,z
3,352,52.008,285
0,502.4889,0,42.82783
3,352,52.008,285
0,388.3252,0,65.22433
3,352,52.008,285
0,852.2809,0,57.59793
3,352,52.008,285
0,531.0886,0,131.5098
3,352,52.008,285
0,488.6178,0,7.113781
