index,x,y,z
5,544,19.208,19
0,536.5847,0,18.7659
5,544,19.208,19
0,543.6341,0,18.88522
5,544,19.208,19
0,534.7559,0,18.8619
5,544,19.208,19
0,542.1141,0,18.69434
5,544,19.208,19
0,535.6897,0,18.6914
