index,x,y,z
10,282.54,20.02,779.41
0,135.4066,0,880.2258
10,282.54,20.02,779.41
0,85.47019,0,974.1373
10,282.54,20.02,779.41
0,5.652007,0,912.7939
10,282.54,20.02,779.41
0,51.91374,0,989.6454
10,282.54,20.02,779.41
0,25.69762,0,802.8437
