index,x,y,z
1,170,48.97,303
0,94.23897,0,185.3988
1,170,48.97,303
0,134.1392,0,199.0783
1,170,48.97,303
0,125.4629,0,177.7937
1,170,48.97,303
0,137.213,0,166.8345
1,170,48.97,303
0,85.61044,0,247.1298
