index,x,y,z
5,544,19.208,19
0,664.5126,0,12.66184
5,544,19.208,19
0,662.0267,0,17.81678
5,544,19.208,19
0,588.6251,0,12.69041
5,544,19.208,19
0,694.4609,0,15.38458
5,544,19.208,19
0,646.1213,0,17.99904
