index,x,y,z
5,544,19.208,19
0,542.6783,0,18.81968
5,544,19.208,19
0,534.853,0,18.88661
5,544,19.208,19
0,536.9664,0,18.83136
5,544,19.208,19
0,535.6226,0,18.93605
5,544,19.208,19
0,535.9756,0,18.65887
