index,x,y,z
6,482,57.862,302
0,212.7463,0,232.3469
6,482,57.862,302
0,441.2425,0,55.67079
6,482,57.862,302
0,148.1473,0,283.5804
6,482,57.862,302
0,261.2743,0,9.270958
6,482,57.862,302
0,269.5856,0,146.8296
