index,x,y,z
7,759,52.687,471
0,55.31187,0,769.0677
7,759,52.687,471
0,685.3839,0,843.243
7,759,52.687,471
0,697.6833,0,717.1405
7,759,52.687,471
0,307.1861,0,883.2227
7,759,52.687,471
0,60.12088,0,618.7619
