index,x,y,z
2,183,19.884,460
0,11.37504,0,73.67764
2,183,19.884,460
0,127.5848,0,336.7061
2,183,19.884,460
0,77.77338,0,357.8073
2,183,19.884,460
0,123.9202,0,45.53451
2,183,19.884,460
0,103.6032,0,217.112
