index,x,y,z
1,170,48.97,303
0,4.461285,0,118.6094
1,170,48.97,303
0,39.25686,0,33.33629
1,170,48.97,303
0,150.5078,0,18.5733
1,170,48.97,303
0,28.45729,0,192.8543
1,170,48.97,303
0,92.32762,0,104.6965
