index,x,y,z
5,544,19.208,19
0,552.612,0,18.93684
5,544,19.208,19
0,546.3505,0,18.72726
5,544,19.208,19
0,548.1972,0,18.97771
5,544,19.208,19
0,551.1826,0,18.67172
5,544,19.208,19
0,550.2856,0,18.6339
