index,x,y,z
4,935,91.763,356
0,915.119,0,221.6346
4,935,91.763,356
0,0.1160306,0,292.5796
4,935,91.763,356
0,551.2629,0,209.8198
4,935,91.763,356
0,73.59627,0,184.0904
4,935,91.763,356
0,514.543,0,10.05033
