index,x,y,z
9,844,71.148,660
0,195.5128,0,903.2428
9,844,71.148,660
0,463.6189,0,1014.737
9,844,71.148,660
0,417.606,0,868.3789
9,844,71.148,660
0,43.16363,0,982.7202
9,844,71.148,660
0,61.21957,0,886.4004
