index,x,y,z
10,282.54,20.02,779.41
0,22.82015,0,785.0553
10,282.54,20.02,779.41
0,129.8368,0,891.4956
10,282.54,20.02,779.41
0,131.2769,0,988.8582
10,282.54,20.02,779.41
0,96.66777,0,982.1967
10,282.54,20.02,779.41
0,91.8805,0,845.9835
