index,x,y,z
5,544,19.208,19
0,447.2232,0,16.71276
5,544,19.208,19
0,378.7517,0,12.37091
5,544,19.208,19
0,441.95,0,11.39184
5,544,19.208,19
0,315,0,18.97343
5,544,19.208,19
0,417.6581,0,16.14372
