index,x,y,z
5,544,19.208,19
0,713.5294,0,12.213
5,544,19.208,19
0,726.1786,0,10.8392
5,544,19.208,19
0,684.2063,0,12.7672
5,544,19.208,19
0,614.6841,0,13.65473
5,544,19.208,19
0,618.1447,0,13.80457
