index,x,y,z
5,544,19.208,19
0,549.54,0,30.28558
5,544,19.208,19
0,548.944,0,38.21456
5,544,19.208,19
0,550.0222,0,30.64192
5,544,19.208,19
0,547.7513,0,34.5589
5,544,19.208,19
0,545.81,0,23.78298
