index,x,y,z
5,544,19.208,19
0,482.9989,0,6.59798
5,544,19.208,19
0,24.11526,0,0.9572334
5,544,19.208,19
0,301.4365,0,16.90095
5,544,19.208,19
0,389.1982,0,8.558104
5,544,19.208,19
0,348.5373,0,11.53969
