index,x,y,z
1,170,48.97,303
0,109.5644,0,876.0454
1,170,48.97,303
0,78.41378,0,348.7286
1,170,48.97,303
0,151.3701,0,997.7549
1,170,48.97,303
0,117.8209,0,463.668
1,170,48.97,303
0,94.65216,0,353.989
