index,x,y,z
5,544,19.208,19
0,593.8329,0,11.34964
5,544,19.208,19
0,950.9028,0,14.19297
5,544,19.208,19
0,686.3876,0,12.86301
5,544,19.208,19
0,859.5406,0,2.909747
5,544,19.208,19
0,555.0838,0,1.891661
