index,x,y,z
5,544,19.208,19
0,590.3759,0,18.8367
5,544,19.208,19
0,765.6302,0,10.98416
5,544,19.208,19
0,757.4288,0,17.03698
5,544,19.208,19
0,637.6247,0,12.22433
5,544,19.208,19
0,565.6965,0,17.47722
