index,x,y,z
6,482,57.862,302
0,446.4123,0,282.7842
6,482,57.862,302
0,352.1898,0,224.6602
6,482,57.862,302
0,45.67803,0,125.6668
6,482,57.862,302
0,22.36805,0,140.0298
6,482,57.862,302
0,0.7937944,0,49.38844
