index,x,y,z
2,183,19.884,460
0,138.2435,0,513.2817
2,183,19.884,460
0,124.9735,0,711.45
2,183,19.884,460
0,42.13095,0,467.1245
2,183,19.884,460
0,74.44843,0,886.4934
2,183,19.884,460
0,85.3315,0,944.3347
