index,x,y,z
5,544,19.208,19
0,543.8391,0,33.86165
5,544,19.208,19
0,534.4048,0,32.84493
5,544,19.208,19
0,537.7521,0,27.09774
5,544,19.208,19
0,540.5759,0,21.95642
5,544,19.208,19
0,536.5293,0,26.42408
