index,x,y,z
8,262,15.44,988
0,256.6468,0,994.3712
8,262,15.44,988
0,25.74938,0,997.7391
8,262,15.44,988
0,140.1874,0,1011.742
8,262,15.44,988
0,227.8378,0,992.0008
8,262,15.44,988
0,84.54189,0,998.2545
