index,x,y,z
5,544,19.208,19
0,573.1602,0,12.18641
5,544,19.208,19
0,842.0687,0,0.8224016
5,544,19.208,19
0,767.1429,0,18.14679
5,544,19.208,19
0,805.0012,0,11.69341
5,544,19.208,19
0,634.5284,0,5.549839
