index,x,y,z
3,352,52.008,285
0,405.7611,0,156.8871
3,352,52.008,285
0,696.4546,0,88.16705
3,352,52.008,285
0,913.2176,0,30.00315
3,352,52.008,285
0,421.2751,0,229.0504
3,352,52.008,285
0,686.7655,0,260.0653
