index,x,y,z
5,544,19.208,19
0,550.7313,0,35.06605
5,544,19.208,19
0,550.3721,0,36.88284
5,544,19.208,19
0,547.5068,0,32.49794
5,544,19.208,19
0,552.1071,0,31.46941
5,544,19.208,19
0,545.8539,0,30.8439
