index,x,y,z
5,544,19.208,19
0,551.748,0,24.85884
5,544,19.208,19
0,546.5177,0,31.27076
5,544,19.208,19
0,550.5155,0,34.29599
5,544,19.208,19
0,551.3585,0,26.82827
5,544,19.208,19
0,545.5581,0,32.30652
