index,x,y,z
5,544,19.208,19
0,74.38933,0,367.6822
5,544,19.208,19
0,4.779175,0,343.7805
5,544,19.208,19
0,241.712,0,373.1573
5,544,19.208,19
0,17.11206,0,382.1196
5,544,19.208,19
0,190.9841,0,334.5882
