index,x,y,z
2,183,19.884,460
0,66.36318,0,20.70004
2,183,19.884,460
0,119.544,0,106.5556
2,183,19.884,460
0,65.24807,0,27.71743
2,183,19.884,460
0,149.8715,0,70.84638
2,183,19.884,460
0,43.7888,0,10.00762
