index,x,y,z
2,183,19.884,460
0,74.71458,0,82.6132
2,183,19.884,460
0,154.0289,0,382.2901
2,183,19.884,460
0,154.7337,0,244.6907
2,183,19.884,460
0,116.9731,0,192.8683
2,183,19.884,460
0,56.29406,0,404.0562
