index,x,y,z
6,482,57.862,302
0,991.1055,0,18.42236
6,482,57.862,302
0,629.4567,0,54.4254
6,482,57.862,302
0,592.562,0,165.7137
6,482,57.862,302
0,645.1661,0,19.84289
6,482,57.862,302
0,767.9773,0,130.2331
