index,x,y,z
3,352,52.008,285
0,230.478,0,9.446685
3,352,52.008,285
0,121.9507,0,229.2265
3,352,52.008,285
0,243.3533,0,19.66147
3,352,52.008,285
0,76.42961,0,12.70278
3,352,52.008,285
0,96.87559,0,8.978344
