index,x,y,z
5,544,19.208,19
0,260.5238,0,2.562862
5,544,19.208,19
0,155.5673,0,17.02312
5,544,19.208,19
0,314.0746,0,0.590955
5,544,19.208,19
0,418.2396,0,9.455882
5,544,19.208,19
0,193.6663,0,14.00056
