index,x,y,z
5,544,19.208,19
0,549.2158,0,18.78483
5,544,19.208,19
0,548.4415,0,18.62524
5,544,19.208,19
0,548.7593,0,18.87727
5,544,19.208,19
0,544.3972,0,18.91776
5,544,19.208,19
0,545.7672,0,18.9906
