index,x,y,z
10,282.54,20.02,779.41
0,29.71848,0,60.53109
10,282.54,20.02,779.41
0,270.0724,0,151.4632
10,282.54,20.02,779.41
0,106.5306,0,139.0568
10,282.54,20.02,779.41
0,104.8975,0,601.787
10,282.54,20.02,779.41
0,264.7541,0,398.0222
