index,x,y,z
8,262,15.44,988
0,38.6036,0,1022.628
8,262,15.44,988
0,8.454072,0,1015.292
8,262,15.44,988
0,204.3392,0,992.4806
8,262,15.44,988
0,8.973786,0,1006.841
8,262,15.44,988
0,86.26814,0,994.6096
