index,x,y,z
5,544,19.208,19
0,538.0035,0,20.39641
5,544,19.208,19
0,533.4939,0,37.7135
5,544,19.208,19
0,541.5378,0,36.35339
5,544,19.208,19
0,543.0917,0,24.49619
5,544,19.208,19
0,533.5566,0,30.57051
