index,x,y,z
2,183,19.884,460
0,2.849689,0,477.2898
2,183,19.884,460
0,9.187623,0,729.3022
2,183,19.884,460
0,29.60404,0,588.8522
2,183,19.884,460
0,51.1585,0,550.5078
2,183,19.884,460
0,132.521,0,935.2054
