index,x,y,z
5,544,19.208,19
0,162.3999,0,2.572905
5,544,19.208,19
0,375.0382,0,16.15802
5,544,19.208,19
0,390.5433,0,14.55054
5,544,19.208,19
0,27.8285,0,7.29429
5,544,19.208,19
0,456.9912,0,6.263676
