index,x,y,z
3,352,52.008,285
0,134.0741,0,215.5099
3,352,52.008,285
0,323.2813,0,98.56733
3,352,52.008,285
0,73.1608,0,186.1003
3,352,52.008,285
0,157.881,0,47.50423
3,352,52.008,285
0,21.89778,0,261.2709
