index,x,y,z
8,262,15.44,988
0,22.94102,0,710.9358
8,262,15.44,988
0,184.79,0,650.0358
8,262,15.44,988
0,123.3541,0,728.8954
8,262,15.44,988
0,59.0047,0,242.0838
8,262,15.44,988
0,30.66174,0,982.9236
