index,x,y,z
5,544,19.208,19
0,444.636,0,11.92149
5,544,19.208,19
0,459.4799,0,13.57287
5,544,19.208,19
0,374.7527,0,17.34743
5,544,19.208,19
0,340.413,0,14.93396
5,544,19.208,19
0,330.4055,0,17.89421
