index,x,y,z
6,482,57.862,302
0,475.8896,0,122.3882
6,482,57.862,302
0,196.6785,0,204.7431
6,482,57.862,302
0,82.23618,0,26.26781
6,482,57.862,302
0,356.0119,0,213.3576
6,482,57.862,302
0,476.1447,0,46.50895
