index,x,y,z
5,544,19.208,19
0,783.4796,0,16.32424
5,544,19.208,19
0,797.6991,0,6.402709
5,544,19.208,19
0,762.1389,0,4.191348
5,544,19.208,19
0,889.7551,0,6.330567
5,544,19.208,19
0,662.1824,0,5.160261
