index,x,y,z
3,352,52.008,285
0,248.9222,0,182.7757
3,352,52.008,285
0,315.1533,0,80.6259
3,352,52.008,285
0,11.23746,0,16.00709
3,352,52.008,285
0,4.824207,0,233.5337
3,352,52.008,285
0,298.0138,0,183.1334
