index,x,y,z
1,170,48.97,303
0,168.7661,0,167.9734
1,170,48.97,303
0,131.2362,0,237.0645
1,170,48.97,303
0,22.88724,0,184.0011
1,170,48.97,303
0,158.0052,0,271.0991
1,170,48.97,303
0,47.01338,0,199.1771
