index,x,y,z
5,544,19.208,19
0,545.5511,0,18.78898
5,544,19.208,19
0,548.1437,0,18.66153
5,544,19.208,19
0,548.3062,0,18.69024
5,544,19.208,19
0,550.2916,0,18.95731
5,544,19.208,19
0,544.8373,0,18.81448
